type,link
Accounting Jobs,https://www.naukri.com/accounting-jobs?xt=catsrch&qf[]=1
Interior Design Jobs,https://www.naukri.com/interior-design-jobs?xt=catsrch&qf[]=2
Bank Jobs,https://www.naukri.com/bank-jobs?xt=catsrch&qf[]=6
Content Writing Jobs,https://www.naukri.com/content-writing-jobs?xt=catsrch&qf[]=5
Consultant Jobs,https://www.naukri.com/consultant-jobs?xt=catsrch&qf[]=9
Engineering Jobs,https://www.naukri.com/engineering-jobs?xt=catsrch&qf[]=21
Export Import Jobs,https://www.naukri.com/export-import-jobs?xt=catsrch&qf[]=10
Merchandiser Jobs,https://www.naukri.com/merchandiser-jobs?xt=catsrch&qf[]=10
Security Jobs,https://www.naukri.com/security-jobs?xt=catsrch&qf[]=45
HR Jobs,https://www.naukri.com/hr-jobs?xt=catsrch&qf[]=12
Hotel Jobs,https://www.naukri.com/hotel-jobs?xt=catsrch&qf[]=4
Application Programming Jobs,https://www.naukri.com/application-programming-jobs?xt=catsrch&qf[]=24.01
Client Server Jobs,https://www.naukri.com/client-server-jobs?xt=catsrch&qf[]=24.02
DBA Jobs,https://www.naukri.com/dba-jobs?xt=catsrch&qf[]=24.03
Ecommerce Jobs,https://www.naukri.com/ecommerce-jobs?xt=catsrch&qf[]=24.12
ERP Jobs,https://www.naukri.com/erp-jobs?xt=catsrch&qf[]=24.04
VLSI Jobs,https://www.naukri.com/vlsi-jobs?xt=catsrch&qf[]=24.05
Mainframe Jobs,https://www.naukri.com/mainframe-jobs?xt=catsrch&qf[]=24.13
Middleware Jobs,https://www.naukri.com/middleware-jobs?xt=catsrch&qf[]=24.15
Mobile Jobs,https://www.naukri.com/mobile-jobs?xt=catsrch&qf[]=24.14
Network administrator Jobs,https://www.naukri.com/network-administrator-jobs?xt=catsrch&qf[]=24.06
IT Jobs,https://www.naukri.com/information-technology-jobs?xt=catsrch&qf[]=24
Testing Jobs,https://www.naukri.com/testing-jobs?xt=catsrch&qf[]=24.08
System Programming Jobs,https://www.naukri.com/system-programming-jobs?xt=catsrch&qf[]=24.09
EDP Jobs,https://www.naukri.com/edp-jobs?xt=catsrch&qf[]=24.11
Telecom Software Jobs,https://www.naukri.com/telecom-software-jobs?xt=catsrch&qf[]=24.10
Telecom Jobs,https://www.naukri.com/telecom-jobs?xt=catsrch&qf[]=37
BPO Jobs,https://www.naukri.com/bpo-jobs?xt=catsrch&qf[]=8
Legal Jobs,https://www.naukri.com/legal-jobs?xt=catsrch&qf[]=13
Marketing Jobs,https://www.naukri.com/marketing-jobs?xt=catsrch&qf[]=15
Packaging Jobs,https://www.naukri.com/packaging-jobs?xt=catsrch&qf[]=18
Pharma Jobs,https://www.naukri.com/pharma-jobs?xt=catsrch&qf[]=16
Maintenance Jobs,https://www.naukri.com/maintenance-jobs?xt=catsrch&qf[]=19
Logistics Jobs,https://www.naukri.com/logistics-jobs?xt=catsrch&qf[]=14
Sales Jobs,https://www.naukri.com/sales-jobs?xt=catsrch&qf[]=22
Secretary Jobs,https://www.naukri.com/secretary-jobs?xt=catsrch&qf[]=11
Corporate Planning Jobs,https://www.naukri.com/corporate-planning-jobs?xt=catsrch&qf[]=7
Site Engineering Jobs,https://www.naukri.com/site-engineering-jobs?xt=catsrch&qf[]=20
Film Jobs,https://www.naukri.com/film-jobs?xt=catsrch&qf[]=43
Teacher Jobs,https://www.naukri.com/teaching-jobs?xt=catsrch&qf[]=36
Airline Jobs,https://www.naukri.com/airline-jobs?xt=catsrch&qf[]=44
Graphic Designer Jobs,https://www.naukri.com/graphic-designer-jobs?xt=catsrch&qf[]=3
Shipping Jobs,https://www.naukri.com/shipping-jobs?xt=catsrch&qf[]=82
Analytics Jobs,https://www.naukri.com/analytics-jobs?xt=catsrch&qf[]=81
Business Intelligence Jobs,https://www.naukri.com/business-intelligence-jobs?xt=catsrch&qf[]=81
